PassengerId,Survived,Pclass,Name,Sex,Age,SibSp,Parch,Ticket,Fare,Cabin,Embarked
1,1,3,"Johnson, Dr. Elizabeth",female,21.3,3,1,376641,11.31,,S
2,1,2,"Brown, Master. William",male,31.7,1,2,734056,23.34,,C
3,0,3,"Rodriguez, Dr. Anna",female,16.2,0,1,83289,11.69,,S
4,0,3,"Martin, Mrs. Minnie",female,12.2,3,1,807529,9.34,,S
5,1,1,"Jackson, Mr. Frank",male,24.8,4,2,326247,243.02,G13,S
6,1,1,"Jones, Dr. Sarah",female,,3,2,134072,103.82,F165,S
7,0,3,"Martin, Dr. Mary",female,12.0,4,0,864736,10.55,,S
8,1,1,"Miller, Dr. Anna",female,40.3,2,3,95878,110.38,,Q
9,0,3,"Brown, Dr. Edward",male,,3,3,138281,13.4,,S
10,1,3,"Rodriguez, Dr. Henry",male,7.0,0,2,950076,5.28,,S
11,0,1,"Jones, Master. Frank",male,,4,2,524370,41.93,,S
12,1,1,"Williams, Ms. Bertha",female,,3,2,468415,61.93,C85,S
13,1,3,"Garcia, Dr. Margaret",female,30.1,1,1,690483,6.62,F146,Q
14,0,3,"Smith, Mrs. Emma",female,,1,1,633932,13.28,,S
15,1,1,"Thomas, Mr. William",male,17.6,3,1,617423,94.55,,S
16,0,3,"Brown, Dr. James",male,10.9,0,0,33027,14.54,,S
17,0,3,"Wilson, Mr. Edward",male,,4,3,556217,11.96,,S
18,0,3,"Jones, Mr. William",male,38.3,1,1,285922,11.27,,S
19,0,3,"Miller, Mrs. Bertha",female,0.4,0,1,809591,14.91,,S
20,1,2,"Smith, Mrs. Bertha",female,34.1,1,3,510343,23.87,,C
21,1,1,"Taylor, Mrs. Sarah",female,54.7,4,2,132531,86.21,A66,S
22,0,3,"Wilson, Master. Edward",male,24.2,1,2,887355,15.94,,S
23,1,2,"Miller, Dr. Minnie",female,36.6,2,0,291441,21.33,,C
24,0,3,"Martin, Mrs. Anna",female,17.6,4,1,278724,9.38,,S
25,1,3,"Garcia, Ms. Alice",female,24.6,0,2,936912,7.42,,S
26,1,1,"Miller, Rev. Edward",male,15.3,3,1,777438,104.92,,S
27,1,3,"Martin, Dr. John",male,0.4,1,0,860922,15.05,,S
28,1,1,"Williams, Rev. William",male,51.2,3,3,665590,82.71,A193,C
29,1,3,"Garcia, Dr. James",male,14.2,0,1,911378,15.31,,S
30,0,2,"Davis, Ms. Emma",female,24.5,0,2,124117,6.37,D197,S
31,1,3,"Taylor, Ms. Margaret",female,9.4,3,1,603974,10.3,,S
32,0,3,"Johnson, Ms. Sarah",female,,4,2,300441,10.35,,S
33,0,2,"Johnson, Dr. Joseph",male,27.9,4,3,404439,15.28,,S
34,0,3,"Williams, Master. Joseph",male,17.2,3,3,245485,19.26,,C
35,0,3,"Thomas, Rev. George",male,30.5,2,0,212986,10.26,,S
36,0,3,"Taylor, Dr. Joseph",male,31.4,0,2,448101,9.0,,S
37,0,3,"Miller, Rev. Frank",male,,1,3,919106,10.6,,Q
38,0,3,"Moore, Dr. Thomas",male,28.9,3,2,638980,3.14,,S
39,0,2,"Williams, Mr. James",male,48.9,1,0,355858,15.05,,S
40,0,3,"Rodriguez, Ms. Bertha",female,13.2,2,0,439085,14.11,,S
41,1,1,"Thomas, Rev. Frank",male,37.2,0,0,534534,65.66,A57,S
42,0,3,"Rodriguez, Ms. Bertha",female,39.6,2,0,252090,7.45,,S
43,1,3,"Rodriguez, Ms. Anna",female,41.2,1,3,525994,15.31,,S
44,0,2,"Jones, Master. Thomas",male,12.9,0,3,698919,30.12,E198,S
45,1,1,"Jackson, Miss. Elizabeth",female,33.6,0,2,250735,99.44,G15,S
46,1,3,"Garcia, Ms. Margaret",female,42.3,2,2,588625,8.83,,S
47,0,2,"Rodriguez, Rev. Edward",male,36.1,1,3,711284,18.78,,C
48,1,3,"Davis, Rev. Frank",male,,0,1,524120,7.54,F123,S
49,0,1,"Wilson, Mrs. Margaret",female,35.0,2,1,299042,54.88,F8,C
50,1,3,"Taylor, Mr. William",male,21.4,0,2,558874,6.66,,S
51,0,1,"Jones, Mr. Henry",male,42.0,0,1,795302,65.99,D199,S
52,1,1,"Wilson, Mr. Joseph",male,34.5,0,0,229681,53.71,D76,S
53,0,3,"Moore, Mrs. Sarah",female,,2,2,578930,4.75,,S
54,1,3,"Martin, Miss. Elizabeth",female,26.9,4,3,683626,11.31,,S
55,1,1,"Moore, Dr. Emma",female,28.5,1,0,328280,91.11,G85,S
56,1,3,"Thomas, Miss. Alice",female,32.4,1,0,393625,16.75,,S
57,0,3,"Johnson, Rev. William",male,61.0,1,1,889968,8.04,,S
58,0,3,"Johnson, Master. Edward",male,4.7,1,3,369832,11.59,A16,S
59,0,2,"Williams, Mr. George",male,33.9,3,2,602249,238.37,,S
60,0,3,"Jackson, Mr. Joseph",male,16.9,1,2,158236,9.57,,S
61,1,3,"Garcia, Miss. Sarah",female,32.9,3,2,926717,13.24,A183,S
62,1,3,"Moore, Dr. Frank",male,26.6,4,1,600868,13.35,,S
63,0,3,"Brown, Rev. George",male,35.1,4,2,762758,11.7,,S
64,0,3,"Wilson, Ms. Elizabeth",female,40.1,2,0,606637,9.56,B69,S
65,1,1,"Brown, Miss. Ida",female,40.7,3,0,361933,73.66,D29,S
66,0,3,"Rodriguez, Rev. James",male,,4,3,346897,5.47,,S
67,0,3,"Davis, Dr. John",male,,3,2,704196,7.54,,S
68,1,3,"Thomas, Dr. George",male,,1,0,861250,8.21,,Q
69,1,1,"Thomas, Master. William",male,43.3,0,1,136368,51.08,B117,S
70,1,1,"Moore, Rev. Henry",male,53.1,0,0,847002,97.16,,C
71,1,3,"Garcia, Mr. William",male,11.4,4,2,831702,14.9,,S
72,1,1,"Jackson, Mr. William",male,26.4,2,3,117963,57.44,A153,S
73,0,3,"Johnson, Miss. Anna",female,,1,1,117082,11.54,,S
74,1,2,"Rodriguez, Dr. Henry",male,29.8,1,1,698087,13.08,,S
75,0,3,"Garcia, Dr. John",male,29.4,1,0,844375,9.38,,S
76,0,3,"Smith, Mr. George",male,39.0,4,1,399896,7.96,,C
77,0,2,"Taylor, Mr. William",male,8.8,3,1,644228,24.82,,S
78,1,2,"Smith, Ms. Minnie",female,41.7,4,0,999716,15.63,,S
79,1,3,"Taylor, Mr. Edward",male,,1,1,329568,14.22,,S
80,1,3,"Smith, Dr. Bertha",female,23.6,2,3,232773,9.6,B123,S
81,1,2,"Jones, Mrs. Elizabeth",female,12.3,0,3,991701,15.84,,C
82,0,3,"Davis, Mr. Henry",male,32.0,4,1,287718,5.89,,S
83,0,3,"Martin, Dr. Anna",female,,2,3,477866,11.43,A173,S
84,0,3,"Wilson, Dr. James",male,33.8,2,0,447684,13.79,,Q
85,1,1,"Moore, Master. James",male,17.1,2,3,527993,92.25,,Q
86,1,2,"Davis, Mr. Charles",male,30.6,1,1,276027,36.56,,S
87,1,2,"Thomas, Dr. Alice",female,28.6,4,2,682233,30.76,E95,S
88,0,1,"Johnson, Master. John",male,54.4,2,0,695072,75.14,,C
89,1,1,"Thomas, Rev. John",male,35.5,3,3,208552,74.83,,S
90,0,3,"Brown, Mr. John",male,17.7,0,1,486098,12.23,,S
91,1,2,"Moore, Dr. Frank",male,,1,3,66786,14.49,,S
92,1,3,"Davis, Mrs. Bertha",female,41.3,4,0,228669,14.79,,Q
93,1,2,"Wilson, Dr. Edward",male,36.4,0,2,987345,23.09,,Q
94,0,1,"Brown, Rev. John",male,32.6,0,0,511309,91.76,A182,S
95,1,3,"Jackson, Master. James",male,23.2,4,3,626501,13.02,,S
96,0,3,"Williams, Miss. Bertha",female,,1,1,889898,16.83,,S
97,1,2,"Williams, Master. Henry",male,34.7,1,2,716604,21.73,,S
98,1,1,"Smith, Dr. Thomas",male,13.4,2,3,794470,80.87,E169,C
99,1,1,"Wilson, Mr. Henry",male,48.5,0,2,714930,128.66,,S
100,1,3,"Garcia, Ms. Sarah",female,27.5,0,0,503840,14.06,,S
101,1,3,"Jones, Miss. Bertha",female,54.6,0,0,636246,9.32,,S
102,1,2,"Johnson, Dr. Margaret",female,16.8,0,0,295607,20.54,,S
103,0,1,"Jackson, Rev. James",male,,0,3,891510,89.96,,C
104,0,3,"Jones, Dr. Bertha",female,,3,3,188087,11.83,,S
105,0,3,"Garcia, Dr. Sarah",female,40.3,1,1,885258,5.51,,C
106,1,3,"Jackson, Ms. Mary",female,17.6,0,3,879598,4.83,,S
107,0,3,"Davis, Rev. Henry",male,,0,0,150855,7.24,,S
108,0,1,"Thomas, Dr. Edward",male,38.0,2,2,713064,55.77,G29,S
109,1,2,"Miller, Dr. Charles",male,33.4,4,1,989770,15.88,,S
110,1,2,"Moore, Dr. Sarah",female,21.6,1,0,576441,262.93,,S
111,0,3,"Martin, Master. Charles",male,,0,1,346940,9.88,,S
112,0,3,"Thomas, Mr. Joseph",male,6.8,1,1,880639,11.22,,S
113,0,3,"Thomas, Dr. Henry",male,27.6,2,1,517430,6.0,,C
114,1,3,"Smith, Rev. Frank",male,31.4,0,0,130473,8.8,,S
115,0,3,"Wilson, Master. William",male,23.3,4,1,256781,12.66,,S
116,1,3,"Johnson, Mrs. Anna",female,,3,0,685663,12.69,,C
117,0,1,"Brown, Ms. Minnie",female,51.8,1,3,460812,62.85,,S
118,1,1,"Wilson, Ms. Alice",female,43.1,4,1,224544,88.96,,C
119,0,2,"Thomas, Rev. Edward",male,21.3,1,0,801042,36.28,D55,S
120,0,3,"Taylor, Dr. Ida",female,22.6,0,2,129371,10.44,,S
121,1,1,"Martin, Mr. Thomas",male,17.0,4,3,226875,63.77,G48,S
122,0,3,"Davis, Ms. Elizabeth",female,13.7,4,1,470951,9.86,,C
123,0,3,"Martin, Mr. William",male,19.5,1,3,49129,10.84,,S
124,0,3,"Moore, Mr. William",male,,2,2,393518,9.94,,S
125,1,1,"Jackson, Master. Edward",male,29.0,0,2,910851,332.59,G88,Q
126,1,2,"Brown, Rev. James",male,37.7,3,1,941760,10.14,,S
127,1,1,"Miller, Master. Thomas",male,30.5,3,0,873234,55.83,G78,C
128,0,3,"Williams, Dr. James",male,29.0,3,1,330739,9.95,,S
129,0,3,"Brown, Mr. Charles",male,,2,3,74221,9.89,,Q
130,0,3,"Davis, Rev. Henry",male,36.5,3,3,816752,8.42,,Q
131,0,2,"Jones, Dr. Thomas",male,23.6,2,3,379583,19.23,,Q
132,0,2,"Jones, Ms. Anna",female,11.1,4,3,751337,20.94,,S
133,1,2,"Garcia, Dr. Charles",male,13.4,0,1,127975,26.88,F103,C
134,0,3,"Moore, Rev. John",male,19.6,2,1,671243,10.14,,C
135,0,3,"Wilson, Dr. Charles",male,11.0,2,3,590523,11.97,,S
136,1,1,"Smith, Rev. Joseph",male,43.7,2,2,921195,68.24,E136,S
137,1,3,"Garcia, Dr. Alice",female,20.4,0,1,110910,12.6,,Q
138,1,1,"Martin, Mr. George",male,,1,1,413844,95.27,,S
139,1,3,"Miller, Dr. Alice",female,5.1,4,3,990041,13.68,,S
140,1,1,"Martin, Mr. John",male,40.9,0,0,395774,105.23,G151,S
141,1,2,"Williams, Mr. Joseph",male,16.5,3,0,661461,24.72,,S
142,0,3,"Thomas, Rev. George",male,20.1,3,2,169337,10.14,,C
143,1,1,"Rodriguez, Mrs. Emma",female,40.0,2,0,731120,91.42,,S
144,0,2,"Thomas, Master. John",male,2.1,0,0,283004,28.13,,S
145,0,2,"Rodriguez, Rev. James",male,32.8,0,3,576498,15.82,A46,C
146,1,2,"Wilson, Mr. Henry",male,52.8,1,1,880977,15.99,,S
147,1,3,"Wilson, Master. John",male,,0,2,664439,11.17,,S
148,0,3,"Martin, Mr. Henry",male,29.1,0,1,479637,12.03,F26,S
149,0,3,"Moore, Master. Henry",male,38.3,0,0,198152,7.47,,C
150,0,2,"Williams, Rev. Charles",male,,0,0,347939,19.96,,Q
151,0,3,"Taylor, Mrs. Mary",female,19.0,4,3,850782,10.15,,S
152,0,2,"Rodriguez, Miss. Alice",female,2.7,3,0,223950,4.61,,S
153,0,2,"Rodriguez, Rev. Joseph",male,37.7,0,2,659738,18.92,,S
154,1,1,"Miller, Rev. Charles",male,36.4,3,1,490110,79.56,G192,S
155,0,3,"Smith, Rev. Thomas",male,13.8,0,1,327666,9.91,,S
156,1,3,"Smith, Miss. Minnie",female,27.5,2,3,368516,15.7,,S
157,0,3,"Taylor, Master. Henry",male,,0,2,293824,6.03,,S
158,1,3,"Thomas, Miss. Alice",female,,0,2,533960,7.47,,S
159,1,3,"Moore, Mrs. Emma",female,33.3,0,1,760138,3.0,,S
160,0,3,"Martin, Mrs. Ida",female,9.9,2,1,865497,8.73,,C
161,0,3,"Wilson, Dr. George",male,,2,2,633489,9.05,,S
162,1,2,"Wilson, Ms. Alice",female,13.2,1,0,665364,16.84,,S
163,0,1,"Taylor, Mr. James",male,28.7,3,0,789686,116.84,,S
164,1,1,"Rodriguez, Rev. William",male,64.9,3,2,276553,109.56,F74,C
165,0,3,"Thomas, Mr. George",male,39.5,3,2,258400,10.79,E146,S
166,0,3,"Garcia, Mr. Charles",male,27.2,2,0,489144,9.14,,S
167,1,3,"Garcia, Mrs. Elizabeth",female,14.7,2,3,634717,14.27,,S
168,1,1,"Miller, Miss. Emma",female,30.6,2,2,649535,83.62,,S
169,0,3,"Jones, Master. John",male,,1,0,162197,7.49,,Q
170,1,1,"Johnson, Mrs. Ida",female,38.5,2,3,782803,33.62,F75,S
171,1,2,"Davis, Dr. William",male,,0,3,370158,17.33,,S
172,1,1,"Brown, Master. Henry",male,37.6,4,1,878516,106.44,,C
173,1,1,"Brown, Master. James",male,,1,1,727115,151.29,,S
174,1,3,"Martin, Dr. Minnie",female,,3,1,983112,10.73,,S
175,1,2,"Rodriguez, Master. Joseph",male,,4,2,635351,15.01,,S
176,0,3,"Davis, Rev. Joseph",male,37.0,2,0,532220,6.15,,S
177,1,3,"Wilson, Dr. Joseph",male,9.6,4,1,195981,12.53,,S
178,1,2,"Davis, Ms. Sarah",female,,2,0,404677,7.84,,C
179,0,3,"Smith, Dr. Ida",female,16.2,0,0,859758,12.52,G162,Q
180,1,1,"Brown, Dr. Ida",female,39.6,0,1,388208,108.3,F103,C
181,1,3,"Smith, Mrs. Minnie",female,21.3,0,2,62817,12.1,,S
182,0,3,"Thomas, Miss. Elizabeth",female,43.7,4,3,252681,9.69,,S
183,0,3,"Moore, Dr. John",male,32.1,2,0,599262,12.58,,S
184,0,3,"Smith, Rev. Joseph",male,,1,0,632818,11.13,,Q
185,1,1,"Thomas, Mrs. Alice",female,47.4,2,1,983981,61.27,F149,C
186,0,3,"Martin, Miss. Ida",female,16.7,1,2,934515,17.3,,S
187,0,2,"Rodriguez, Master. Edward",male,,4,3,536189,17.98,E128,S
188,1,1,"Miller, Rev. Frank",male,42.4,4,2,558966,107.06,E137,C
189,1,2,"Johnson, Ms. Sarah",female,24.1,0,2,802664,3.15,A150,Q
190,0,3,"Johnson, Mr. Thomas",male,36.7,3,0,58160,15.19,F148,C
191,0,3,"Smith, Mrs. Anna",female,16.7,1,0,599228,15.9,,S
192,0,3,"Martin, Mr. James",male,18.6,0,0,479261,10.61,,S
193,0,3,"Brown, Rev. Henry",male,18.1,4,2,785256,12.55,,S
194,1,1,"Brown, Dr. Alice",female,30.1,0,1,802351,100.66,C134,S
195,0,3,"Davis, Mr. John",male,,1,0,659037,8.14,,Q
196,1,2,"Williams, Master. Thomas",male,,0,2,660709,24.43,B20,S
197,1,3,"Taylor, Dr. Henry",male,46.5,2,3,694220,7.53,,S
198,1,1,"Miller, Ms. Emma",female,69.7,2,1,584332,66.26,A182,S
199,0,3,"Miller, Master. Frank",male,13.6,1,3,235532,14.64,,S
200,0,2,"Garcia, Rev. Joseph",male,30.8,0,2,291678,27.49,C136,S
201,1,1,"Wilson, Dr. Elizabeth",female,21.5,0,2,744401,63.38,B105,S
202,0,3,"Rodriguez, Dr. Mary",female,16.7,4,3,622183,7.8,,C
203,1,1,"Johnson, Mr. Thomas",male,29.2,4,0,245530,65.17,C115,S
204,0,1,"Williams, Master. Henry",male,23.2,4,3,879078,105.79,D79,S
205,1,3,"Taylor, Master. Charles",male,13.4,2,3,980832,6.83,,S
206,0,2,"Taylor, Dr. Charles",male,28.3,2,3,629819,23.06,,S
207,1,3,"Jackson, Mr. Joseph",male,,3,2,235509,13.24,,S
208,1,2,"Martin, Ms. Elizabeth",female,40.1,3,3,938896,19.87,,C
209,0,3,"Moore, Dr. Thomas",male,15.0,2,3,244316,14.21,,S
210,0,3,"Wilson, Rev. James",male,59.7,1,3,438139,9.38,,Q
211,0,3,"Smith, Ms. Mary",female,20.6,2,3,860085,9.71,,S
212,0,3,"Jackson, Mr. William",male,26.9,0,3,525471,6.91,,S
213,1,3,"Brown, Mr. James",male,10.5,0,1,250555,14.24,,S
214,1,3,"Miller, Dr. Anna",female,46.5,3,2,89300,7.68,,S
215,0,2,"Brown, Mrs. Margaret",female,43.4,4,1,367293,23.01,,C
216,0,1,"Williams, Miss. Mary",female,42.2,0,3,675368,82.1,,S
217,0,3,"Taylor, Rev. Thomas",male,9.8,0,3,717493,6.63,,S
218,1,3,"Williams, Mr. Thomas",male,28.5,0,3,230711,8.26,,S
219,1,1,"Taylor, Ms. Minnie",female,22.3,3,2,167160,124.95,D70,C
220,0,2,"Jones, Dr. Charles",male,47.5,1,1,704437,323.19,D111,S
221,0,3,"Jackson, Dr. William",male,,1,0,167480,6.79,,C
222,1,3,"Martin, Master. James",male,27.1,0,2,73611,11.62,,S
223,1,3,"Williams, Dr. Ida",female,0.4,4,2,491494,9.96,,C
224,1,3,"Martin, Mrs. Anna",female,14.2,2,2,575202,23.19,,S
225,0,3,"Williams, Dr. Joseph",male,34.3,3,2,251259,11.55,,S
226,1,2,"Williams, Ms. Elizabeth",female,44.6,3,3,219107,17.77,,Q
227,0,3,"Rodriguez, Master. George",male,39.3,0,0,243301,15.72,,S
228,0,2,"Rodriguez, Dr. William",male,10.9,4,1,349397,7.29,,S
229,1,3,"Thomas, Dr. Margaret",female,29.6,2,2,19146,10.85,,S
230,0,2,"Williams, Rev. Charles",male,,3,3,21638,34.81,,S
231,0,3,"Williams, Dr. Frank",male,6.1,1,3,376744,10.07,,S
232,0,3,"Davis, Dr. Joseph",male,25.9,4,3,29704,4.13,,S
233,0,3,"Moore, Miss. Emma",female,29.3,4,3,325067,9.05,,C
234,1,3,"Jones, Dr. Frank",male,22.4,2,3,585102,15.85,,C
235,0,2,"Jackson, Dr. Mary",female,7.8,0,2,40844,23.2,F51,S
236,0,3,"Rodriguez, Mrs. Margaret",female,22.1,4,0,621645,7.42,,S
237,0,2,"Miller, Mr. Charles",male,26.1,4,2,625020,15.58,B97,C
238,1,2,"Taylor, Mrs. Mary",female,28.2,2,2,577599,16.48,C39,S
239,1,2,"Jackson, Rev. Edward",male,23.2,2,0,630388,23.09,,S
240,1,1,"Smith, Rev. William",male,31.8,1,3,811143,123.64,A57,S
241,0,1,"Smith, Miss. Anna",female,37.4,0,2,80092,115.21,G50,S
242,0,3,"Smith, Miss. Emma",female,31.3,4,3,177139,404.65,,S
243,0,3,"Martin, Master. Edward",male,22.3,2,0,323870,5.61,,C
244,0,3,"Miller, Mr. John",male,21.1,1,3,691233,5.62,,Q
245,1,1,"Davis, Mr. Edward",male,39.3,3,1,874076,99.91,G28,S
246,1,2,"Rodriguez, Mrs. Margaret",female,6.9,0,2,919477,10.85,,S
247,1,1,"Miller, Mr. Thomas",male,44.7,0,2,586344,77.55,,S
248,0,3,"Martin, Master. William",male,26.0,1,2,416012,11.62,,S
249,0,3,"Miller, Rev. John",male,,2,3,417854,6.32,,C
250,0,2,"Williams, Mr. Frank",male,41.5,1,0,69225,13.15,,S
251,0,3,"Taylor, Ms. Alice",female,2.6,0,2,470450,10.15,,Q
252,1,1,"Williams, Ms. Alice",female,10.4,1,3,517716,99.04,,S
253,1,2,"Williams, Mr. Frank",male,33.3,1,0,216196,28.12,,S
254,0,1,"Jackson, Mr. James",male,37.9,2,1,770271,102.09,C40,S
255,0,2,"Wilson, Mr. Edward",male,32.0,2,1,813761,21.03,,S
256,1,3,"Brown, Ms. Bertha",female,20.5,4,2,308998,7.76,,C
257,1,3,"Rodriguez, Mrs. Margaret",female,34.0,4,3,914863,6.56,D19,S
258,1,1,"Garcia, Master. George",male,,1,3,116028,69.14,D192,S
259,1,3,"Johnson, Master. James",male,31.8,4,3,911556,12.01,,S
260,0,3,"Rodriguez, Dr. Frank",male,22.9,2,1,770399,11.74,,S
261,1,3,"Rodriguez, Rev. William",male,0.7,0,2,231694,3.0,,C
262,0,3,"Davis, Ms. Mary",female,35.2,1,0,653663,7.61,,S
263,1,2,"Jackson, Rev. John",male,44.7,3,1,317632,29.14,,S
264,1,3,"Wilson, Mr. James",male,33.7,4,0,801735,10.79,,S
265,1,2,"Miller, Mrs. Margaret",female,19.4,1,0,169016,10.33,,S
266,1,3,"Rodriguez, Master. Frank",male,34.1,0,3,252461,19.16,,S
267,0,2,"Moore, Mr. Joseph",male,40.3,0,3,314128,20.29,,S
268,0,3,"Garcia, Master. Frank",male,44.7,0,2,207681,11.91,D66,S
269,1,1,"Garcia, Mr. James",male,25.7,3,0,339476,95.97,F70,S
270,1,2,"Garcia, Dr. Charles",male,27.3,2,0,606557,17.86,,S
271,0,3,"Wilson, Rev. Thomas",male,35.0,2,0,636774,7.83,,Q
272,0,3,"Martin, Rev. Thomas",male,26.7,3,2,558393,18.3,,S
273,0,2,"Jones, Mr. John",male,,4,0,197749,27.7,,S
274,0,3,"Brown, Dr. Frank",male,31.0,3,1,210419,13.52,,S
275,0,3,"Davis, Ms. Alice",female,32.9,0,3,920202,12.62,,S
276,0,2,"Taylor, Mr. Thomas",male,31.1,2,3,258823,13.3,,C
277,0,3,"Rodriguez, Rev. Charles",male,28.6,4,3,112068,15.19,,S
278,0,3,"Wilson, Rev. Charles",male,22.9,3,1,459447,7.4,,S
279,1,3,"Jackson, Miss. Minnie",female,43.7,1,2,16809,11.54,,Q
280,1,2,"Williams, Ms. Ida",female,19.2,1,0,349226,8.74,,C
281,0,2,"Wilson, Rev. Henry",male,23.0,4,3,856394,5.86,B123,C
282,0,3,"Garcia, Mr. George",male,26.1,0,0,274716,11.67,,S
283,0,3,"Smith, Master. Charles",male,36.5,2,2,706731,7.53,,S
284,0,3,"Thomas, Master. Thomas",male,8.0,0,2,494914,3.19,,S
285,1,3,"Rodriguez, Dr. James",male,10.3,4,3,361805,12.49,,S
286,0,3,"Thomas, Mr. James",male,,0,1,664958,18.29,B132,S
287,0,3,"Jackson, Master. Frank",male,26.4,0,0,599544,15.61,,C
288,0,3,"Johnson, Master. Joseph",male,,1,3,325051,9.55,,S
289,0,3,"Taylor, Master. Thomas",male,21.4,1,2,231308,10.53,,S
290,0,3,"Garcia, Mr. Frank",male,33.9,2,1,917651,13.76,,S
291,1,2,"Davis, Mrs. Alice",female,22.3,1,1,176705,28.55,,S
292,0,3,"Rodriguez, Dr. John",male,28.8,1,1,959903,9.24,,S
293,1,2,"Johnson, Dr. Alice",female,26.4,2,1,476437,20.75,,C
294,1,2,"Martin, Master. George",male,38.1,2,1,996775,22.66,,S
295,0,3,"Wilson, Mrs. Sarah",female,31.7,4,1,359655,12.54,,C
296,1,2,"Jackson, Miss. Mary",female,21.7,2,1,569851,19.55,,S
297,1,1,"Williams, Mrs. Bertha",female,35.6,2,0,619077,80.66,G190,S
298,0,3,"Rodriguez, Ms. Alice",female,38.5,3,3,345311,15.57,,S
299,0,3,"Brown, Dr. Elizabeth",female,,0,0,225967,14.94,,C
300,1,1,"Taylor, Dr. Minnie",female,18.4,3,0,525134,98.27,G143,S
301,1,1,"Wilson, Ms. Margaret",female,47.2,4,0,666297,134.86,G115,S
302,0,2,"Smith, Rev. Frank",male,17.0,1,3,268808,17.73,,S
303,1,3,"Thomas, Master. James",male,43.0,0,1,769192,16.46,,C
304,0,3,"Rodriguez, Master. Henry",male,,1,1,642487,12.49,,S
305,1,1,"Moore, Dr. Sarah",female,42.1,1,1,174969,180.6,E98,C
306,0,3,"Wilson, Rev. Edward",male,27.9,2,0,939260,6.12,B182,Q
307,1,1,"Wilson, Dr. William",male,35.1,4,1,53419,63.88,B114,C
308,0,2,"Smith, Dr. Anna",female,38.1,2,0,657190,23.5,,S
309,0,3,"Martin, Rev. Edward",male,,0,3,445191,11.96,,S
310,1,1,"Garcia, Dr. Edward",male,41.3,1,0,657270,141.67,G100,Q
311,1,1,"Garcia, Master. Thomas",male,50.2,3,1,776283,64.5,C95,S
312,0,2,"Thomas, Mr. William",male,23.3,1,3,690327,26.99,F58,S
313,0,3,"Williams, Master. Frank",male,18.6,2,3,654271,14.77,,S
314,0,3,"Jones, Dr. Joseph",male,11.7,3,2,842475,13.09,,C
315,0,3,"Taylor, Dr. George",male,,1,0,704862,6.97,,S
316,1,1,"Johnson, Rev. John",male,12.4,3,1,815604,125.69,G179,S
317,0,1,"Garcia, Mr. George",male,48.2,1,0,408810,120.43,F110,S
318,0,3,"Miller, Miss. Elizabeth",female,,0,2,210794,12.7,,C
319,1,2,"Garcia, Dr. Joseph",male,47.1,1,1,242595,21.97,G86,S
320,1,3,"Smith, Ms. Elizabeth",female,6.5,2,2,615985,11.33,,C
321,1,3,"Martin, Mrs. Emma",female,,0,2,536460,10.21,,C
322,0,1,"Martin, Master. Thomas",male,57.9,4,3,86380,103.08,,Q
323,0,3,"Garcia, Dr. William",male,20.5,2,1,212321,10.61,,C
324,0,1,"Williams, Master. John",male,39.4,0,3,967874,59.19,D30,S
325,1,2,"Davis, Ms. Emma",female,5.9,4,1,728965,12.98,,S
326,0,3,"Brown, Miss. Elizabeth",female,29.2,4,2,757427,7.74,,S
327,1,3,"Miller, Ms. Elizabeth",female,,0,2,204996,11.32,D88,Q
328,0,3,"Miller, Dr. Henry",male,28.4,0,3,73579,10.4,,S
329,1,3,"Smith, Dr. Margaret",female,7.3,1,1,298350,11.29,,S
330,0,3,"Moore, Mr. Frank",male,32.5,2,3,858308,12.34,,C
331,1,3,"Martin, Dr. Mary",female,,3,1,511478,8.19,,S
332,0,3,"Davis, Rev. James",male,16.6,2,1,786777,15.89,F175,C
333,0,1,"Jackson, Mrs. Sarah",female,,3,1,491842,76.31,,S
334,0,3,"Miller, Miss. Margaret",female,0.4,0,2,495283,8.91,,S
335,1,3,"Johnson, Master. Edward",male,22.8,3,2,604840,12.27,C121,S
336,0,2,"Taylor, Master. Thomas",male,23.0,4,0,959338,7.32,,S
337,0,3,"Davis, Mr. Edward",male,7.4,2,3,443069,7.59,,S
338,1,2,"Johnson, Dr. Margaret",female,,2,3,599802,27.54,B194,Q
339,1,1,"Davis, Rev. Frank",male,31.7,1,0,920277,33.0,G84,S
340,0,3,"Williams, Miss. Bertha",female,,4,3,378583,14.61,,S
341,1,2,"Garcia, Mr. Charles",male,23.3,0,2,841533,31.34,,C
342,1,3,"Miller, Dr. Mary",female,38.9,1,0,539701,9.14,,C
343,1,3,"Martin, Mrs. Minnie",female,33.2,0,1,880321,441.93,,S
344,1,3,"Jones, Dr. John",male,,4,3,473134,14.61,B37,Q
345,0,2,"Williams, Miss. Ida",female,37.4,2,1,633220,17.15,,S
346,1,2,"Davis, Dr. Margaret",female,16.1,4,3,330050,26.73,,S
347,1,3,"Jackson, Ms. Alice",female,26.4,3,1,638657,8.03,,S
348,0,3,"Wilson, Mr. John",male,27.8,2,0,332984,8.74,,C
349,1,3,"Jackson, Dr. Edward",male,20.4,2,1,613106,7.56,,S
350,0,3,"Johnson, Master. Joseph",male,31.2,1,2,790880,11.76,,S
351,1,1,"Moore, Rev. Thomas",male,27.1,2,2,440534,118.33,G112,C
352,0,3,"Wilson, Dr. James",male,32.1,3,3,434941,9.82,E198,S
353,1,1,"Davis, Rev. William",male,,4,0,328884,46.74,A87,S
354,0,1,"Johnson, Dr. Henry",male,0.4,2,3,733161,52.29,,C
355,0,3,"Johnson, Master. Joseph",male,,4,2,596082,11.95,,S
356,1,1,"Brown, Dr. Frank",male,0.4,4,0,521277,138.55,B38,S
357,1,1,"Davis, Dr. Alice",female,29.4,2,3,35276,95.8,D72,S
358,1,1,"Brown, Ms. Ida",female,52.4,2,1,119000,72.8,F141,Q
359,1,2,"Miller, Master. George",male,26.2,0,2,17381,26.0,,S
360,0,3,"Garcia, Rev. Henry",male,8.4,1,2,851744,9.62,,S
361,0,1,"Jackson, Ms. Emma",female,,4,0,853124,73.05,,S
362,0,3,"Davis, Master. James",male,38.3,0,0,77247,6.98,,S
363,0,3,"Williams, Master. Edward",male,2.9,1,2,55959,15.68,E182,Q
364,0,1,"Miller, Mr. George",male,,3,1,783619,9.37,C26,S
365,1,1,"Jones, Dr. Elizabeth",female,37.2,1,0,529546,107.71,D26,S
366,0,3,"Garcia, Dr. George",male,11.7,4,0,315836,8.8,,S
367,1,3,"Jackson, Ms. Minnie",female,19.0,3,3,618837,8.99,,S
368,1,3,"Garcia, Ms. Bertha",female,13.8,0,0,244102,16.72,,S
369,0,3,"Jones, Master. Frank",male,36.4,1,0,206189,7.88,,Q
370,1,1,"Garcia, Mrs. Alice",female,,3,2,373802,64.16,,S
371,1,2,"Jackson, Mrs. Margaret",female,,4,0,896772,19.56,,S
372,0,3,"Moore, Dr. Edward",male,,4,2,769479,12.02,,S
373,0,2,"Garcia, Mr. Joseph",male,19.6,4,2,198194,17.33,,S
374,0,3,"Davis, Mr. Joseph",male,41.5,0,2,566103,4.72,,S
375,0,3,"Jackson, Dr. John",male,9.8,3,1,885668,7.32,,S
376,1,3,"Garcia, Rev. George",male,45.3,0,3,952100,15.21,,S
377,0,3,"Brown, Ms. Emma",female,25.6,0,2,765359,10.77,,C
378,0,2,"Martin, Master. George",male,16.1,3,1,137572,23.74,,C
379,1,1,"Johnson, Mr. John",male,28.5,2,0,248335,76.5,,S
380,1,1,"Thomas, Dr. Anna",female,26.8,3,1,226421,64.76,C168,Q
381,1,3,"Garcia, Rev. Charles",male,10.7,4,0,159236,16.67,,S
382,1,1,"Martin, Miss. Mary",female,,0,0,183572,78.65,F173,S
383,1,1,"Moore, Miss. Minnie",female,20.8,2,1,323070,71.13,G170,C
384,1,1,"Martin, Master. Charles",male,7.5,4,0,559954,116.5,F84,S
385,1,1,"Taylor, Rev. Henry",male,32.7,2,0,403970,62.91,D128,S
386,1,3,"Taylor, Ms. Ida",female,4.4,2,1,426607,8.31,,C
387,1,2,"Jones, Ms. Sarah",female,21.0,2,2,253326,20.57,,S
388,1,3,"Smith, Dr. Elizabeth",female,15.1,4,0,159527,10.5,,C
389,1,1,"Brown, Dr. William",male,25.8,0,1,998901,91.85,B39,S
390,0,3,"Miller, Mrs. Alice",female,50.0,4,0,603005,18.19,,C
391,1,2,"Williams, Ms. Minnie",female,30.7,4,0,237355,22.91,,S
392,0,2,"Martin, Mr. William",male,32.9,4,0,811888,3.44,,S
393,0,3,"Williams, Dr. George",male,,2,1,832327,11.7,,S
394,0,3,"Moore, Mrs. Sarah",female,18.2,2,2,967111,10.64,,C
395,1,3,"Jones, Mr. James",male,,1,3,167526,10.66,,S
396,1,1,"Martin, Mr. Edward",male,23.7,1,2,643569,91.45,,C
397,1,1,"Moore, Ms. Ida",female,50.7,4,2,980441,83.35,F69,S
398,0,3,"Moore, Mr. John",male,11.6,2,3,808602,10.31,A164,S
399,0,2,"Wilson, Mr. Joseph",male,,3,1,233267,24.9,E191,S
400,0,3,"Jones, Mr. George",male,,0,3,894102,8.51,,S
401,0,3,"Wilson, Master. William",male,,3,3,427471,7.02,,Q
402,1,3,"Brown, Ms. Alice",female,18.3,3,2,494029,21.61,,S
403,1,3,"Davis, Miss. Alice",female,22.7,4,3,562977,7.87,,S
404,1,3,"Rodriguez, Mr. Edward",male,,0,0,773677,10.87,G151,S
405,1,1,"Thomas, Dr. Alice",female,,2,3,129082,40.12,G109,S
406,0,1,"Smith, Dr. Alice",female,44.8,2,2,543860,87.63,C154,S
407,0,3,"Thomas, Rev. Joseph",male,28.9,2,0,818651,7.07,,C
408,1,3,"Jones, Mrs. Alice",female,24.9,0,0,553017,8.87,,S
409,0,2,"Rodriguez, Rev. Edward",male,24.8,2,2,281938,28.0,G80,S
410,1,2,"Moore, Miss. Ida",female,39.6,1,1,65721,23.89,,S
411,0,3,"Davis, Dr. Mary",female,23.2,3,1,553776,12.59,,S
412,1,3,"Thomas, Ms. Margaret",female,22.3,1,1,706316,3.99,E40,S
413,1,3,"Rodriguez, Master. George",male,,2,3,554136,17.25,,S
414,1,2,"Jackson, Mrs. Mary",female,50.4,3,1,979558,11.95,,S
415,0,2,"Thomas, Mr. John",male,13.9,0,0,606613,31.47,B62,C
416,0,3,"Jones, Mr. Charles",male,35.2,3,1,513145,14.25,,Q
417,1,2,"Miller, Rev. George",male,7.3,3,0,64931,24.64,,Q
418,1,3,"Garcia, Mrs. Sarah",female,28.6,0,2,563010,7.36,,C
419,0,3,"Johnson, Master. George",male,44.9,0,3,176932,11.06,,S
420,0,1,"Wilson, Ms. Margaret",female,44.8,4,3,727488,70.32,C14,C
421,1,1,"Martin, Ms. Mary",female,40.4,1,2,169580,85.06,,S
422,1,1,"Smith, Dr. William",male,30.2,4,3,907628,76.84,F31,S
423,0,3,"Jones, Mr. George",male,26.4,2,1,309030,3.01,,S
424,0,3,"Miller, Master. William",male,23.0,1,2,439643,14.62,,S
425,1,1,"Johnson, Master. George",male,27.0,1,0,153464,81.81,,Q
426,1,3,"Miller, Mrs. Minnie",female,22.5,3,2,218592,8.72,,C
427,1,3,"Brown, Mr. Thomas",male,28.4,0,2,922701,8.44,,S
428,1,3,"Johnson, Dr. Sarah",female,16.8,2,0,290850,11.82,,S
429,1,3,"Moore, Master. Frank",male,16.3,1,2,517824,7.22,,S
430,1,1,"Rodriguez, Ms. Elizabeth",female,,0,2,981584,17.74,,S
431,1,1,"Jackson, Mrs. Emma",female,43.5,1,1,627338,96.2,D55,C
432,0,3,"Martin, Miss. Emma",female,32.5,2,2,51224,12.41,,Q
433,0,1,"Thomas, Mrs. Ida",female,41.2,3,1,363912,78.32,C173,S
434,1,3,"Moore, Ms. Emma",female,37.6,0,1,392984,6.28,,S
435,1,1,"Brown, Rev. Joseph",male,39.2,4,0,283483,86.82,,S
436,0,1,"Martin, Dr. William",male,43.5,4,1,248767,41.04,D157,S
437,0,1,"Jones, Master. James",male,42.3,3,3,508144,53.93,G186,S
438,0,2,"Rodriguez, Dr. Thomas",male,,4,3,383270,15.11,,S
439,1,1,"Moore, Miss. Alice",female,30.6,2,2,301379,109.07,,S
440,1,1,"Johnson, Miss. Sarah",female,69.0,4,2,418852,73.51,B190,S
441,0,3,"Jones, Ms. Elizabeth",female,20.6,3,2,350209,8.85,,S
442,0,2,"Moore, Rev. Thomas",male,22.0,2,1,236451,34.52,,C
443,1,2,"Brown, Mrs. Anna",female,35.2,0,1,458222,23.03,,S
444,0,1,"Jones, Dr. Henry",male,41.5,2,2,942877,94.19,G65,C
445,0,2,"Brown, Rev. Frank",male,13.1,4,3,510675,17.85,C122,S
446,1,2,"Martin, Dr. Alice",female,43.5,4,1,601580,16.22,,S
447,1,3,"Miller, Mrs. Alice",female,24.9,2,2,984469,3.0,,S
448,0,1,"Rodriguez, Mr. Frank",male,22.4,1,1,617474,112.75,B136,S
449,0,3,"Brown, Mr. John",male,40.3,3,1,231089,12.15,,S
450,1,3,"Garcia, Mr. William",male,33.5,0,1,404488,9.84,,S
451,1,1,"Moore, Master. Joseph",male,20.3,0,0,493095,80.16,,S
452,1,1,"Garcia, Ms. Margaret",female,62.9,2,1,480034,105.89,A16,Q
453,1,1,"Jackson, Miss. Alice",female,47.2,4,2,158016,38.38,B188,S
454,1,3,"Thomas, Mr. William",male,,1,2,114777,8.33,,S
455,0,1,"Martin, Mr. Charles",male,60.3,2,3,356498,50.71,B72,C
456,0,3,"Brown, Mr. Joseph",male,,1,0,915118,17.01,,S
457,1,3,"Taylor, Miss. Bertha",female,25.7,2,3,720136,13.72,,S
458,1,3,"Jones, Dr. Joseph",male,18.1,0,3,843300,3.0,,C
459,1,3,"Johnson, Mrs. Elizabeth",female,33.0,2,1,182717,4.94,,S
460,1,3,"Thomas, Mrs. Bertha",female,,2,1,420130,10.01,,S
461,1,1,"Smith, Mr. William",male,38.2,1,1,585537,70.28,D73,S
462,0,2,"Martin, Dr. Thomas",male,20.5,1,2,439972,11.0,,S
463,1,2,"Jones, Dr. Minnie",female,,3,3,422533,34.45,,Q
464,0,3,"Garcia, Mr. Thomas",male,25.2,0,2,366193,11.65,,S
465,1,3,"Williams, Master. James",male,,0,2,61063,12.24,G8,S
466,0,3,"Smith, Dr. Alice",female,8.3,0,2,858649,7.96,,S
467,0,1,"Thomas, Mrs. Ida",female,45.9,4,0,933743,105.49,,S
468,0,3,"Wilson, Ms. Minnie",female,0.4,1,2,90038,9.1,,S
469,0,3,"Taylor, Master. William",male,28.5,0,0,419466,9.46,,S
470,0,3,"Thomas, Rev. James",male,,4,3,522654,12.75,,C
471,1,3,"Moore, Dr. Henry",male,,0,3,786086,4.51,,S
472,1,2,"Brown, Rev. John",male,,1,2,986878,31.96,,C
473,1,2,"Johnson, Rev. Henry",male,37.9,0,1,422149,21.81,,S
474,1,3,"Moore, Master. Charles",male,21.2,3,2,751433,15.21,,S
475,1,1,"Garcia, Dr. Joseph",male,39.6,3,2,937985,52.51,B151,S
476,1,2,"Jackson, Mr. William",male,38.8,3,2,831993,13.88,,C
477,0,1,"Thomas, Dr. James",male,,1,2,297565,49.96,A164,S
478,0,1,"Thomas, Rev. William",male,52.0,1,0,819314,91.58,E179,S
479,0,3,"Martin, Mrs. Emma",female,,4,0,418107,10.74,,C
480,0,3,"Martin, Mr. Charles",male,,4,1,27346,8.79,,S
481,1,2,"Garcia, Rev. James",male,,0,2,761274,13.22,,S
482,1,2,"Thomas, Mr. William",male,37.9,3,1,837047,11.41,,S
483,0,2,"Smith, Dr. John",male,53.0,4,2,350230,20.15,,S
484,0,3,"Thomas, Mr. Joseph",male,16.8,2,1,456424,8.79,,S
485,0,3,"Wilson, Mr. Edward",male,9.5,3,3,370713,7.98,,S
486,0,3,"Jackson, Dr. Charles",male,,0,1,125856,16.19,,Q
487,0,2,"Miller, Master. John",male,37.9,0,3,994873,19.91,,S
488,1,2,"Brown, Master. Charles",male,36.0,0,1,32387,29.61,,S
489,0,3,"Rodriguez, Master. William",male,27.2,0,1,560057,8.54,,Q
490,0,3,"Garcia, Mr. George",male,12.5,4,2,24780,11.4,,S
491,0,3,"Johnson, Miss. Margaret",female,35.2,3,1,692485,10.3,,S
492,0,3,"Davis, Miss. Bertha",female,11.3,3,0,901839,4.26,C154,S
493,1,3,"Jones, Dr. Ida",female,,1,1,647026,15.75,,S
494,0,2,"Thomas, Dr. Henry",male,64.3,4,3,610106,19.53,,S
495,0,2,"Miller, Miss. Alice",female,34.4,0,0,829644,25.86,E129,Q
496,1,2,"Johnson, Dr. James",male,37.0,4,1,974491,15.1,,C
497,1,1,"Williams, Mr. Edward",male,31.1,0,2,863205,79.34,G136,S
498,1,1,"Thomas, Dr. Anna",female,,0,2,239109,58.65,,S
499,0,3,"Wilson, Master. Frank",male,18.8,0,1,567623,15.04,,C
500,1,2,"Martin, Rev. Frank",male,16.9,3,0,820620,22.73,F67,S
501,1,1,"Thomas, Miss. Mary",female,17.7,1,0,301610,95.02,F70,C
502,0,3,"Davis, Miss. Minnie",female,,2,1,678444,15.49,,S
503,1,3,"Jones, Mrs. Emma",female,29.3,2,3,32572,14.75,,S
504,1,2,"Williams, Rev. James",male,34.6,3,0,878558,25.99,,C
505,1,3,"Jackson, Dr. George",male,22.3,1,3,618258,5.28,,S
506,0,3,"Rodriguez, Mrs. Mary",female,,0,2,745681,7.94,,S
507,0,3,"Thomas, Rev. Edward",male,37.6,1,0,827213,6.81,,C
508,1,3,"Miller, Dr. Alice",female,25.6,1,1,226590,13.17,,S
509,0,1,"Johnson, Mr. John",male,,3,0,456033,89.23,C69,S
510,0,3,"Davis, Mr. Edward",male,23.6,3,3,860056,5.39,,S
511,1,2,"Smith, Dr. George",male,25.9,0,2,173058,19.15,,S
512,1,3,"Williams, Ms. Sarah",female,,3,1,824239,5.01,,S
513,0,3,"Wilson, Dr. Joseph",male,,0,1,295200,10.3,,S
514,1,1,"Brown, Mr. Charles",male,34.3,3,2,579752,35.42,,S
515,1,1,"Martin, Mr. Thomas",male,,1,0,514888,99.78,D105,C
516,0,3,"Brown, Master. Joseph",male,10.6,1,1,689627,11.89,E181,S
517,0,3,"Garcia, Rev. William",male,25.6,2,0,838313,17.51,,S
518,1,1,"Miller, Miss. Sarah",female,38.8,1,2,355487,333.87,A174,S
519,0,3,"Taylor, Rev. Thomas",male,0.4,3,2,180035,8.95,,C
520,0,3,"Davis, Dr. Margaret",female,15.0,4,1,428599,13.51,,S
521,0,3,"Moore, Ms. Elizabeth",female,30.9,4,0,616027,5.36,,C
522,0,3,"Jackson, Dr. Frank",male,30.6,2,1,752937,6.96,,S
523,0,1,"Jones, Rev. James",male,21.8,2,3,755834,94.02,G30,S
524,1,3,"Moore, Mr. Edward",male,27.9,2,0,346560,3.0,,Q
525,1,2,"Williams, Dr. Henry",male,42.3,3,0,936686,20.23,,C
526,1,3,"Wilson, Rev. Thomas",male,35.3,2,0,92337,6.75,,S
527,1,2,"Garcia, Miss. Elizabeth",female,28.9,2,3,125536,21.23,D92,S
528,0,3,"Smith, Mrs. Ida",female,,2,0,34522,6.54,,S
529,0,2,"Taylor, Dr. Elizabeth",female,22.4,1,2,927126,23.54,,S
530,0,1,"Rodriguez, Rev. George",male,,2,3,188317,84.77,,C
531,1,3,"Johnson, Mrs. Anna",female,28.3,3,2,605452,15.65,C192,C
532,0,3,"Jackson, Miss. Bertha",female,33.6,2,1,814822,10.52,E51,S
533,0,3,"Rodriguez, Rev. Joseph",male,27.6,4,0,769033,7.68,,S
534,1,3,"Jones, Mrs. Alice",female,,4,0,949354,9.59,,S
535,0,3,"Martin, Mr. Thomas",male,27.1,2,0,63236,5.56,,S
536,0,3,"Jones, Mr. Henry",male,35.4,4,3,413002,11.99,,C
537,1,1,"Martin, Mr. Henry",male,50.2,0,0,511086,101.58,B94,S
538,0,3,"Thomas, Mr. Joseph",male,16.3,4,0,699186,19.57,E120,S
539,0,3,"Johnson, Master. Joseph",male,4.3,1,3,626402,8.21,,S
540,1,2,"Williams, Miss. Ida",female,48.5,2,1,564349,18.58,,Q
541,1,1,"Smith, Mrs. Mary",female,,1,1,313765,67.23,,S
542,0,3,"Williams, Rev. Edward",male,5.4,2,2,115409,11.28,,S
543,0,3,"Martin, Dr. Sarah",female,,1,2,437333,11.9,,S
544,0,3,"Jackson, Miss. Minnie",female,35.3,3,3,267060,10.3,,S
545,0,3,"Rodriguez, Dr. Edward",male,22.6,0,1,558754,14.49,,S
546,0,3,"Thomas, Master. Charles",male,19.9,4,2,799154,8.23,,S
547,0,2,"Martin, Master. John",male,,4,3,557021,27.58,,S
548,0,2,"Garcia, Master. William",male,,2,1,587211,24.36,,S
549,1,2,"Taylor, Miss. Emma",female,20.4,2,1,51442,20.41,D95,C
550,1,1,"Moore, Mr. John",male,41.0,3,3,648201,74.92,A31,S
551,0,3,"Wilson, Dr. Charles",male,30.7,0,0,445086,19.42,,S
552,0,3,"Thomas, Master. Joseph",male,32.0,3,0,132460,7.5,,S
553,0,2,"Smith, Mr. Henry",male,,1,2,221679,22.64,B5,C
554,0,2,"Garcia, Dr. Mary",female,32.4,3,3,782935,15.12,,C
555,0,3,"Martin, Master. George",male,31.9,1,0,917527,17.06,,C
556,1,1,"Moore, Mr. George",male,34.4,3,3,512645,110.33,G142,S
557,1,3,"Johnson, Master. Thomas",male,26.8,3,3,976813,8.01,,S
558,1,3,"Taylor, Dr. Edward",male,27.3,1,3,188238,12.38,,S
559,0,3,"Jackson, Rev. Henry",male,28.6,3,1,306650,11.45,,S
560,1,1,"Williams, Dr. George",male,,2,1,930764,68.98,C78,S
561,1,3,"Wilson, Mr. Joseph",male,32.7,1,2,183433,13.29,,S
562,1,2,"Thomas, Mr. Charles",male,30.5,2,0,662786,23.29,,S
563,1,3,"Miller, Miss. Minnie",female,,4,3,227308,11.29,D52,S
564,1,1,"Davis, Mrs. Alice",female,38.9,0,2,337865,82.96,,S
565,0,3,"Smith, Dr. Anna",female,25.7,4,1,482974,12.08,,S
566,1,3,"Brown, Ms. Ida",female,28.3,4,2,366387,11.34,,C
567,1,1,"Miller, Mrs. Alice",female,68.9,2,2,875759,85.94,,S
568,1,1,"Martin, Mr. James",male,30.7,3,2,973060,65.31,G140,C
569,1,1,"Jones, Mr. George",male,43.9,1,3,505035,134.12,B155,S
570,1,2,"Williams, Mr. Joseph",male,42.8,0,3,529964,12.96,,C
571,1,1,"Martin, Mr. Joseph",male,39.4,2,3,64838,96.8,A192,C
572,1,3,"Miller, Mrs. Sarah",female,54.1,4,2,241860,9.32,,S
573,0,2,"Garcia, Mr. Edward",male,,1,2,49486,33.12,D13,Q
574,1,3,"Brown, Dr. Sarah",female,29.9,3,1,858081,7.18,,S
575,0,3,"Moore, Dr. Anna",female,,3,0,235116,7.8,,S
576,1,1,"Wilson, Dr. Thomas",male,33.1,3,1,347227,55.62,D54,C
577,1,3,"Martin, Ms. Elizabeth",female,,1,3,844342,11.69,,S
578,0,3,"Williams, Dr. John",male,36.2,1,0,716156,5.45,,S
579,1,3,"Williams, Mrs. Emma",female,,2,2,625265,8.74,,S
580,0,2,"Moore, Mr. Thomas",male,45.1,4,0,48087,5.06,C176,S
581,0,2,"Martin, Dr. Joseph",male,28.9,4,1,567327,22.23,,S
582,1,1,"Thomas, Rev. Thomas",male,33.3,2,0,565282,69.46,F111,S
583,0,3,"Moore, Dr. Joseph",male,58.4,4,2,325779,5.03,,S
584,0,3,"Johnson, Dr. Frank",male,30.7,2,3,747478,14.49,,S
585,1,3,"Jones, Mrs. Emma",female,17.4,1,3,930130,5.69,,S
586,1,1,"Johnson, Miss. Bertha",female,28.3,0,2,266445,107.69,,S
587,1,3,"Miller, Master. John",male,14.7,3,0,337866,7.92,,S
588,0,2,"Davis, Dr. William",male,41.2,3,2,329111,31.99,,S
589,0,3,"Jones, Mr. James",male,21.6,4,0,836594,13.25,,S
590,1,1,"Moore, Dr. Edward",male,,3,1,86992,54.49,E106,C
591,1,3,"Jones, Ms. Ida",female,25.2,0,2,896943,7.13,E28,Q
592,0,3,"Jackson, Rev. James",male,34.8,2,2,777283,12.73,,S
593,0,1,"Taylor, Rev. Henry",male,26.1,3,0,488501,76.47,E149,S
594,1,1,"Brown, Rev. Frank",male,22.9,2,3,587684,79.21,A100,C
595,0,3,"Wilson, Rev. Joseph",male,,2,1,895345,15.18,,C
596,0,1,"Williams, Mr. Charles",male,46.4,4,3,772137,62.14,,S
597,0,3,"Taylor, Miss. Emma",female,30.0,3,2,284034,10.84,B164,S
598,0,3,"Taylor, Dr. Ida",female,,3,2,59896,14.01,,S
599,1,3,"Rodriguez, Miss. Sarah",female,,2,2,661848,13.47,,S
600,1,2,"Rodriguez, Mrs. Ida",female,21.1,1,3,154349,19.35,,Q
601,1,2,"Johnson, Mr. John",male,23.7,2,0,97084,18.43,F19,S
602,1,1,"Williams, Mrs. Elizabeth",female,24.8,4,2,982470,32.96,B54,S
603,0,3,"Davis, Mrs. Elizabeth",female,41.6,3,0,479194,6.62,,S
604,1,2,"Jackson, Mrs. Minnie",female,37.6,3,1,654337,22.78,,C
605,1,1,"Jones, Ms. Minnie",female,46.5,0,3,225158,80.14,,S
606,0,2,"Miller, Ms. Emma",female,45.0,4,3,110681,21.04,,C
607,0,3,"Thomas, Miss. Elizabeth",female,59.8,1,1,72135,14.32,,S
608,0,1,"Williams, Master. Charles",male,,4,1,360821,49.21,G159,S
609,0,3,"Wilson, Dr. Alice",female,17.1,2,2,13688,9.63,,S
610,1,3,"Rodriguez, Master. John",male,18.6,4,1,425854,11.19,G30,S
611,0,3,"Jackson, Master. James",male,15.8,4,0,331504,7.91,,Q
612,1,3,"Johnson, Dr. Ida",female,13.1,3,1,531564,15.76,F108,S
613,0,3,"Rodriguez, Mrs. Anna",female,22.4,4,1,593634,13.84,,S
614,0,3,"Martin, Ms. Mary",female,11.4,3,2,315346,11.57,,S
615,1,1,"Wilson, Master. James",male,42.7,4,3,460677,137.08,A133,S
616,1,3,"Brown, Dr. Mary",female,,0,2,87316,4.99,,S
617,1,3,"Taylor, Mrs. Elizabeth",female,31.8,0,1,308751,10.47,,C
618,1,3,"Smith, Master. Charles",male,32.1,2,2,978409,11.85,A106,S
619,0,3,"Moore, Mr. James",male,33.2,4,3,991287,7.14,,S
620,1,3,"Rodriguez, Master. James",male,21.5,3,1,490950,11.61,,S
621,0,3,"Wilson, Dr. Emma",female,51.5,2,1,940128,6.43,E86,S
622,0,3,"Brown, Dr. Thomas",male,,2,0,506288,13.04,,S
623,1,3,"Miller, Miss. Minnie",female,3.7,3,3,134396,14.39,,S
624,1,2,"Wilson, Master. William",male,18.0,4,3,869223,22.45,C16,S
625,0,2,"Miller, Mrs. Alice",female,9.1,4,0,420955,7.21,,S
626,0,2,"Davis, Dr. Joseph",male,30.2,0,1,616304,13.56,,C
627,1,1,"Taylor, Miss. Mary",female,36.3,2,1,652357,100.84,,C
628,1,1,"Davis, Master. Frank",male,,1,3,314955,84.82,F31,S
629,0,3,"Williams, Mr. Edward",male,,3,0,736155,3.0,,S
630,0,2,"Wilson, Miss. Ida",female,36.6,2,0,506293,29.42,,S
631,0,3,"Johnson, Miss. Bertha",female,34.7,4,1,372708,11.0,,S
632,0,3,"Williams, Miss. Anna",female,14.8,2,2,304935,7.49,,S
633,0,1,"Johnson, Dr. Joseph",male,24.0,3,0,748818,113.52,E78,S
634,1,1,"Wilson, Rev. Thomas",male,38.5,0,2,256847,64.23,A10,C
635,0,1,"Rodriguez, Rev. William",male,40.4,4,2,132908,63.91,,S
636,0,3,"Wilson, Master. William",male,3.7,0,3,882927,11.82,,S
637,1,1,"Thomas, Dr. Anna",female,35.5,1,0,338494,136.69,A136,S
638,0,3,"Davis, Ms. Alice",female,26.2,4,0,644621,16.47,,S
639,0,3,"Jones, Miss. Elizabeth",female,23.4,4,0,719268,11.82,,S
640,0,3,"Brown, Mrs. Margaret",female,16.2,2,3,839954,12.2,,S
641,1,1,"Williams, Miss. Minnie",female,30.4,2,2,629425,107.53,B151,S
642,1,1,"Garcia, Dr. Minnie",female,,0,2,710861,47.16,E51,C
643,0,1,"Jones, Master. James",male,39.3,4,3,838837,103.18,C165,C
644,0,1,"Jackson, Master. Thomas",male,46.5,0,2,943927,62.57,,S
645,1,1,"Thomas, Miss. Alice",female,53.1,0,0,56388,93.59,D114,Q
646,1,3,"Johnson, Dr. Sarah",female,22.5,2,2,745820,9.66,,S
647,0,3,"Brown, Dr. Edward",male,20.5,0,2,182647,12.34,,C
648,0,3,"Thomas, Mr. Frank",male,,0,0,892363,10.93,,S
649,0,3,"Taylor, Dr. Ida",female,33.3,3,2,58009,3.0,,S
650,0,1,"Thomas, Dr. George",male,31.9,3,1,254304,89.47,,S
651,0,3,"Smith, Dr. Henry",male,35.5,1,0,200192,12.86,,S
652,1,3,"Jones, Dr. Margaret",female,37.8,3,1,607382,12.14,,S
653,0,3,"Garcia, Dr. Elizabeth",female,41.5,3,1,14239,10.12,,S
654,1,3,"Garcia, Rev. James",male,47.3,1,1,26854,16.53,,S
655,1,2,"Smith, Ms. Emma",female,19.6,3,1,509167,22.73,,S
656,0,1,"Jackson, Rev. Joseph",male,38.2,2,2,971947,97.1,,S
657,1,1,"Taylor, Miss. Emma",female,38.2,4,1,533030,114.98,,Q
658,1,2,"Brown, Master. Edward",male,,0,1,451469,474.23,,S
659,0,3,"Williams, Master. Frank",male,18.2,1,3,661312,7.2,,Q
660,1,2,"Thomas, Mr. George",male,12.2,1,0,556289,3.0,F9,S
661,1,3,"Davis, Dr. Thomas",male,,1,1,391062,8.75,,S
662,1,3,"Taylor, Dr. Margaret",female,16.8,4,0,592663,13.3,,S
663,1,1,"Rodriguez, Rev. William",male,39.2,3,3,13175,73.79,F29,S
664,0,2,"Garcia, Dr. James",male,20.5,2,0,252042,26.25,,S
665,0,3,"Jackson, Rev. Edward",male,12.8,2,3,677151,11.05,,C
666,1,3,"Brown, Dr. Ida",female,28.8,4,0,348135,15.23,,S
667,0,2,"Brown, Dr. Emma",female,31.8,2,1,63748,18.38,,C
668,1,1,"Brown, Miss. Alice",female,46.1,1,2,133196,97.98,,S
669,0,3,"Johnson, Dr. John",male,52.2,0,3,867507,12.36,,S
670,0,1,"Wilson, Master. John",male,41.9,1,0,336281,128.45,E100,S
671,0,3,"Rodriguez, Master. Thomas",male,31.8,3,0,32427,4.23,,Q
672,1,1,"Garcia, Rev. John",male,,2,3,731516,70.69,B143,S
673,1,1,"Davis, Miss. Ida",female,20.0,2,1,535169,109.21,B12,S
674,1,3,"Jackson, Dr. Alice",female,45.0,2,0,456871,16.18,,S
675,0,3,"Martin, Dr. John",male,14.9,4,2,895967,11.38,,S
676,0,3,"Thomas, Dr. Edward",male,13.5,4,0,320586,9.42,,Q
677,1,2,"Garcia, Dr. Margaret",female,29.5,0,3,576764,25.93,,C
678,1,3,"Rodriguez, Rev. Charles",male,24.9,0,3,747450,13.69,,S
679,0,3,"Taylor, Rev. Edward",male,15.2,1,3,612331,9.18,,Q
680,0,3,"Johnson, Mr. Charles",male,22.3,4,1,215893,11.71,,C
681,0,2,"Wilson, Master. George",male,44.8,2,0,684794,28.97,,S
682,0,1,"Taylor, Mr. Frank",male,26.7,4,1,745965,139.91,,S
683,1,3,"Miller, Mr. Frank",male,9.3,3,1,131184,13.23,,S
684,1,1,"Rodriguez, Dr. William",male,51.2,2,3,173793,85.5,B114,S
685,1,3,"Martin, Dr. Anna",female,31.9,1,2,678177,10.3,,S
686,1,1,"Martin, Mr. John",male,,1,3,127790,100.63,B184,S
687,0,3,"Taylor, Master. Charles",male,,0,3,881550,10.07,,Q
688,0,3,"Jones, Ms. Emma",female,17.1,2,2,118471,11.2,,Q
689,1,3,"Wilson, Dr. Bertha",female,25.3,1,0,974477,6.61,E183,S
690,0,3,"Johnson, Dr. Charles",male,,1,0,674798,15.27,,S
691,1,1,"Johnson, Rev. Joseph",male,23.5,0,0,448621,50.6,,S
692,1,3,"Johnson, Ms. Ida",female,,3,2,275710,8.91,,S
693,0,3,"Thomas, Rev. Frank",male,34.1,4,0,351059,10.86,,S
694,0,3,"Johnson, Rev. John",male,0.4,2,3,751027,17.82,,S
695,0,2,"Brown, Mrs. Mary",female,42.4,2,0,755775,17.47,,S
696,1,3,"Martin, Master. William",male,11.8,4,3,216571,8.05,C198,S
697,0,3,"Thomas, Mrs. Alice",female,30.0,2,2,547445,8.48,,S
698,0,3,"Garcia, Master. Thomas",male,29.0,3,0,993006,16.6,,S
699,0,2,"Taylor, Mrs. Alice",female,,2,0,264731,3.0,,Q
700,0,3,"Jones, Rev. Thomas",male,32.6,2,1,696469,6.81,,S
701,0,3,"Wilson, Dr. Edward",male,0.4,2,1,180436,20.54,,S
702,1,3,"Miller, Mr. John",male,16.6,3,1,835742,12.67,A64,S
703,1,2,"Wilson, Dr. Joseph",male,31.7,3,2,178527,12.56,,S
704,0,2,"Davis, Mrs. Alice",female,27.7,2,0,304641,20.2,,S
705,0,3,"Williams, Master. Joseph",male,31.7,0,0,464584,10.75,,S
706,0,3,"Johnson, Rev. Thomas",male,35.5,4,2,376949,13.61,,S
707,0,3,"Wilson, Dr. Mary",female,,4,3,178422,17.26,,S
708,0,3,"Williams, Miss. Sarah",female,23.4,0,1,644576,11.93,D53,S
709,1,1,"Davis, Dr. Edward",male,12.2,1,3,29521,203.36,E187,S
710,0,3,"Johnson, Master. Frank",male,20.5,4,1,983686,13.39,,S
711,1,1,"Jackson, Ms. Ida",female,,1,1,61567,63.62,,S
712,1,1,"Williams, Mrs. Anna",female,22.7,4,0,340523,53.75,,S
713,0,3,"Davis, Dr. Ida",female,33.6,3,1,930584,4.03,,S
714,1,3,"Johnson, Miss. Margaret",female,36.9,4,1,163531,4.75,,S
715,0,3,"Jones, Ms. Ida",female,,0,2,82231,7.21,,S
716,0,2,"Martin, Mr. Henry",male,,2,0,746476,12.05,,S
717,0,1,"Moore, Dr. Edward",male,20.1,2,0,82448,93.43,A27,S
718,0,3,"Wilson, Rev. George",male,,4,1,900602,6.09,,S
719,1,1,"Jones, Ms. Margaret",female,30.3,1,0,456676,3.0,D159,S
720,1,1,"Johnson, Miss. Ida",female,10.2,1,0,870637,53.44,C46,S
721,0,2,"Brown, Dr. William",male,44.8,0,2,252649,17.11,E67,C
722,1,3,"Johnson, Rev. James",male,26.2,3,3,149724,8.27,F183,Q
723,0,3,"Johnson, Master. Frank",male,,4,2,963065,16.08,F6,Q
724,1,3,"Williams, Ms. Sarah",female,,0,0,764551,8.25,,S
725,0,3,"Moore, Mr. George",male,31.5,1,3,911875,13.74,,S
726,1,1,"Jones, Master. George",male,43.1,1,2,326688,83.64,F37,S
727,1,2,"Jones, Mr. John",male,38.4,4,2,410695,20.2,,S
728,1,3,"Williams, Mr. Henry",male,,2,0,581449,7.43,G22,S
729,1,1,"Johnson, Master. Joseph",male,51.6,1,2,454243,82.47,C171,S
730,1,2,"Jones, Mr. William",male,11.0,1,0,250237,15.01,C24,S
731,1,2,"Jones, Dr. James",male,35.4,2,2,381362,21.72,C114,S
732,1,1,"Thomas, Dr. Frank",male,,1,0,612668,77.24,A137,S
733,0,3,"Thomas, Rev. John",male,40.4,0,3,47487,7.03,,S
734,0,3,"Davis, Rev. Frank",male,,4,0,342583,14.15,,Q
735,0,1,"Jackson, Master. George",male,54.3,2,2,299918,96.78,G160,S
736,1,3,"Smith, Mrs. Sarah",female,37.1,1,0,79618,8.85,,S
737,0,3,"Rodriguez, Dr. Henry",male,56.9,3,2,131446,11.03,F11,Q
738,1,3,"Miller, Master. Charles",male,17.0,3,1,500722,10.19,,S
739,0,3,"Brown, Rev. Frank",male,19.9,0,3,111346,7.31,,S
740,0,2,"Thomas, Master. Thomas",male,,0,2,351455,21.01,,S
741,0,3,"Martin, Rev. Henry",male,,0,1,565252,8.22,,S
742,1,2,"Jones, Master. John",male,19.3,3,0,875104,13.72,C24,S
743,1,2,"Smith, Dr. Mary",female,0.4,3,2,107777,8.86,,C
744,1,1,"Jackson, Rev. George",male,,3,1,440296,73.63,E77,C
745,0,3,"Brown, Mr. Edward",male,,3,0,111901,12.58,,C
746,1,2,"Moore, Mr. Frank",male,24.1,2,2,434286,15.52,B28,Q
747,0,2,"Garcia, Mr. Joseph",male,,2,0,485708,38.59,,S
748,0,3,"Davis, Dr. Edward",male,,3,0,801271,13.75,,C
749,0,2,"Moore, Ms. Emma",female,45.5,1,0,447859,29.86,,S
750,1,2,"Jackson, Ms. Elizabeth",female,33.1,4,1,936157,26.21,,S
751,1,1,"Jones, Mr. Thomas",male,49.6,4,0,146258,138.8,,C
752,1,2,"Williams, Master. Joseph",male,33.4,4,0,62627,14.85,F9,C
753,1,2,"Martin, Mr. George",male,,4,1,14404,3.0,,C
754,0,2,"Brown, Master. John",male,30.7,1,0,363178,17.3,G74,S
755,1,1,"Jones, Ms. Bertha",female,44.9,0,0,201044,100.65,D96,S
756,0,3,"Brown, Rev. George",male,30.4,2,1,100668,11.06,,S
757,0,3,"Moore, Dr. William",male,,3,0,243533,11.51,,S
758,1,3,"Brown, Miss. Elizabeth",female,,3,3,975235,15.35,,C
759,0,3,"Rodriguez, Dr. William",male,,1,1,802245,11.9,,C
760,1,3,"Rodriguez, Mr. Frank",male,22.8,1,3,28387,13.44,,S
761,1,3,"Garcia, Ms. Alice",female,31.0,2,3,916283,7.05,,S
762,0,3,"Garcia, Dr. Charles",male,41.1,4,3,213202,6.47,F52,S
763,0,3,"Martin, Mr. James",male,39.7,0,2,411884,16.43,A100,S
764,1,3,"Martin, Rev. Henry",male,26.1,1,1,334359,10.87,,S
765,1,3,"Jackson, Ms. Emma",female,0.4,1,2,410976,8.21,,Q
766,0,3,"Moore, Dr. Thomas",male,,4,0,763116,8.22,B73,S
767,1,1,"Miller, Master. Thomas",male,6.9,2,3,715355,65.07,D102,Q
768,1,1,"Williams, Rev. James",male,58.6,0,1,598096,63.31,E49,S
769,0,3,"Thomas, Master. John",male,,1,0,630652,5.78,,C
770,1,3,"Brown, Miss. Sarah",female,38.0,0,0,730250,4.99,,S
771,1,2,"Taylor, Dr. George",male,19.2,2,0,192298,19.1,,S
772,0,3,"Martin, Rev. Edward",male,7.4,4,0,401712,8.32,,S
773,0,3,"Thomas, Mr. James",male,29.1,2,2,116612,14.57,,S
774,0,3,"Wilson, Dr. Margaret",female,,4,0,707129,11.58,,Q
775,1,1,"Smith, Master. Edward",male,,3,3,443235,92.02,C167,S
776,1,1,"Moore, Ms. Minnie",female,,4,1,640904,62.3,,S
777,0,3,"Taylor, Master. Charles",male,59.2,1,2,569179,10.06,,S
778,0,3,"Wilson, Rev. George",male,36.0,4,1,280895,11.83,,S
779,1,3,"Rodriguez, Dr. Alice",female,,1,0,147320,13.13,,S
780,0,3,"Moore, Miss. Sarah",female,36.1,2,0,973210,10.15,,S
781,0,3,"Johnson, Mr. Thomas",male,,3,2,300340,14.47,,S
782,0,2,"Taylor, Ms. Minnie",female,,1,2,118468,20.56,C50,S
783,0,2,"Williams, Rev. John",male,5.3,1,1,312883,26.19,,C
784,0,2,"Johnson, Mr. George",male,27.7,0,1,903393,16.99,,C
785,0,3,"Wilson, Ms. Ida",female,35.7,0,3,268684,3.84,,S
786,0,3,"Jones, Dr. William",male,14.4,2,3,986921,11.49,,S
787,0,2,"Taylor, Ms. Minnie",female,27.9,4,1,466153,25.7,,C
788,0,3,"Jackson, Dr. George",male,,1,0,863196,12.61,,S
789,1,2,"Jones, Ms. Sarah",female,,2,1,656532,23.53,,Q
790,0,1,"Jackson, Master. Edward",male,48.5,4,2,53494,73.93,,S
791,0,1,"Johnson, Rev. Charles",male,47.1,3,2,514295,60.43,,S
792,1,1,"Davis, Master. Henry",male,46.7,0,0,422762,100.46,E186,S
793,0,3,"Johnson, Rev. Joseph",male,25.6,2,0,209441,12.07,,S
794,1,2,"Wilson, Rev. Henry",male,32.4,0,1,554486,16.48,D57,S
795,1,3,"Wilson, Master. John",male,11.8,1,3,111909,14.58,,S
796,0,3,"Jones, Rev. Frank",male,0.4,1,0,701316,7.26,F54,S
797,1,1,"Miller, Master. Frank",male,,3,1,823650,67.0,,Q
798,1,1,"Miller, Dr. Edward",male,,0,0,101620,132.43,,S
799,0,3,"Moore, Mrs. Elizabeth",female,,1,0,484511,13.69,,S
800,1,2,"Miller, Miss. Elizabeth",female,,1,2,658572,17.93,,S
